name,avalaible_item,price
PS4 gamepad headset PS4 bilateral large headset PS4 wired headset PS4 headset,48,$2.84
PS4 Wired Headset PS4 Headset Ps4 Game Console Headset,35,$2.94
51－100 PS4 sticker PS4 film,22,$2.16
Manufacturer Wholesale PS4 Pro Sticker PS4 Pro Sticker PS4 Pro Game Machine Sticker PS4 PRO,113,$3.14
PS4 new gaming headset PS4 wired headset,116,$7.04
PS4 Handle Sleeve PS4 Silicone Protective Cover PS4 Silicone Protective Sleeve For Handles PS4 Silicone Protection Sleeve,41,$1.36
PS4 handle protection cover PS4 SLIM camouflage cover,58,$1.52
PS4 Pro Game Console Sticker PS4 Console Sticker,95,$2.27
New PS4 Wireless Controller Vibrating Ps4 Game Controller,182,$10.82
PS4 host remote control PS4 Bluetooth remote control PS4 DVD game console remote control,92,$5.24
For PS4 Gamepad,15,$34.81
Ps4 wireless gamepad,47,$14.49
PS4 headphone receiver,16,$4.81
PS4 body sticker,19,$3.55
Ps4 handle protector,32,$1.18-1.22
Ps4 gamepad shell,11,$1.38
PS4 Dual Charger,55,$1.95
PS4 game controller,144,$16.67
APS4 Sticker PS4 Host Sticker PS4 Film Sticker Film,114,$2.35-3.75
PS4 Handle Dual Fixed Charger PS4 SLIM PS4 PRO Handle Charging Base Handle Charging Fixed Charger,26,$1.49
PS4 PRO colorful stickers,10,$1.79
PS4 gamepad back button,47,$22.05
PS4 Multifunctional Handle Charger,85,$5.62
PS4 game Bluetooth controller,59,$13.38
PS4 Bluetooth wireless gamepad,17,$15.3
PS4 Bluetooth Controller Stand,16,$1.71-1.8
Ps4 handle rocker cap,39,$2.85
PS4 handle back button,20,$40.14
PS4 Carbon Fiber Sticker,38,$2.35
PS4 handle Bluetooth keyboard,69,$6.24
PS4 wireless Bluetooth gamepad,204,$12.65
Dual PS4 Controller Charger,141,$2.8
PS4 Wireless Game Handle,411,$10.83-12.03
Factory Direct Sale Ps4 Handle Film Ps4 Single Handle Sticker Ps4 Pvc Handle Sticker Can Be Customized Wholesale,27,$0.76
PS4 old handle plating shell PS4 handle shell full set of accessories ps4 handle shell with buttons plating accessories,18,$6.67
Ps4 Handle Cover Rocker Cap,3,$1.01
Handle Wirelessly To PS4 Switch,2,$34.56
PS4 wireless controller LED charger,57,$5.26
PS4 keyboard and mouse converter,20,$9.61
PS4 game console storage bag,27,$3.94-4.24
Radio competition headset ps4 headset,28,$73.89
PS4 SLIM PRO handset headset,21,$1.96
PS4 game console steering wheel,111,$2.16
PS4 multi-function charger charger,215,$15.74
PS4 Handle Charging Socket Motherboard Cable,14,$0.15-7.41
Receiver Ps4 Gamepad Bluetooth Headset Adapter,18,$3.76
Brook Adapter Wingman XB Ps3 Ps4,12,$51.3
Waterproof High Quality PS4 Travel Handbag,38,$4.76
Camouflage Ps4 Headset Bass Gaming Headphones,53,$4.62
XBOX360 PS3 PS4 gamepad joystick keycap,15,$0.32
Suitable For PS4 Slim Console Bracket,23,$1.52-1.73
PS4 Gamepad Dustproof Soft Silicone Cover,10,$0.78
PS4 Handle Conductive Rubber Button Cushion,9,$0.08-22.4
ADP-240CR PS4 host power board,4,$26.78
Ps4 Charging Stand Handle Charging Stand,14,$5.05
PS4 head-mounted luxury large headphones,84,$3.75
Computer PS4 Gaming Light-up Headset,36,$5.76
Head Mounted Computer Gaming Headset PS4,72,$10.47
PS4 Wireless Bluetooth Handle Computer TV,27,$8.88
Support Ps4 System Playstation4 Wireless Gamepad,38,$14.17
PS4 Gaming Computer Light-Up Headset,41,$4.96
PS4 wireless vibrating touch screen gamepad,57,$11.55
PS4 Gamepad Wireless Keyboard Game Controller,91,$7.78
Cyberpunk 2077 PS4 Game Theme Color Stickers,12,$1.79
Applicable To PS4 Gamepad Back Extension Button,20,$17.32
DVA Gamepad PS4 Neon KO Ancient Street,33,$39.36
PS4 Joystick Cover Cap NS Pro One,5,$1.24-4.71
New PS4 Console Keyboard and Mouse Converter,92,$10.93-20.37
PS4/Slim/Pro wireless handle cigarette holder,7,$4.37
Wireless Bluetooth Receiver Converts NS PS4 Handle,8,$17.00
PS4 Pro Host Simple Cooling Upright Bracket,16,$1.19
Full set of PS4 5.0 conductive adhesive,14,$0.70
Kx Conversion Box Ps5 Ps4  Ps3 Gamepad,23,$8.24
PS4 wireless game controller USB charging cable,32,$0.99
Private Model PS4 Wireless Bluetooth Game Controller,62,$8.68
Ps4 Host Turbo Fan Temperature Control Fan,92,$5.33
PS4 Bluetooth wireless elite handle European version,33,$28.33
PS4 Handle Can Chat Voice Bluetooth Keyboard,86,$8.34
PS4 body sticker no trace P4 scratch-resistant stickers dust anime stickers PS4 electrostatic stickers old version,19,$2.48-5.0
Game Theme Final Fantasy 7 PS4 PRO Sticker,5,$1.93
PS4 host charger slim host radiator handle charger,26,$5.43
Ps5 Multifunctional Base PS4 / Nspro Handle Double Charging,39,$15.37
Rocker Mushroom Head Silicone PS4 PS5 Luminous Button,17,$0.10
PS4 SLIM PRO all-in-one fan base,22,$9.76
Creative Simulation PS4 Switch Game Console Handle Pillow,15,$3.66
Original brand new PS4 SLIM wireless Bluetooth module,11,$7.22
E-sports Game DVA Gamepad PS4 Neon Light,21,$28.62
Ps4 gamepad protective sleeve slim pro silicone sleeve,10,$1.52
PS4 Non-slip and Sweat-proof Protective Shell,7,$2.03-3.54
PS4 Host Intelligent Temperature Control Fan Cooling Down,10,$3.32
Ps4 Xbox Recording Box 4K60HZ HDMI Capture Card,15,$10.83
Head-mounted luminous wire-controlled PS4 gaming headset,61,$10.71
Ps4 Private Model Gamepad Holding The Outer Gate,39,$13.89-20.0
PS4 SLIM HUB 2.0 /3.0 Universal USB extender,6,$3.43
Redragon ERIS GA200 PS4 Keyboard and Mouse Adapter,74,$13.92
PlayStation Headset PS4-488 PlayStation 4 PlayStation Headset,84,$5.05
Gaming Headset RGB Wired Computer Headset PS4 Headset,57,$13.33
Pro slim non-slip silicone case PS4 case,130,$2.00-2.06
New PS4 rocker cap 3D non-slip handle button,12,$0.41
Ps4 Storage Bag Storage Bag Protection Bag Protective Cover,9,$5.96
PS4 Handle Protective Cover Silicone Cover Multi-color Optional,10,$0.68
PS4 SLIM HUB 2.0  3.0 Interface Universal USB Extender,49,$5.24
PS4 Extension Button Trigger Button Extension Extended Rubber Pad,11,$0.56
"PS4, X-ONE, Mobile Phone, Computer, Game Stereo Headset",19,$2.15
USB Atmosphere Light Bedroom Touch Table Lamp PS4 Light,59,$5.99-6.74
K2PRO headset gaming headset glowing computer PS4 wired headset,49,$17.04
Ultrathin 15.6inch narrow border screen 1080p ips ps3 ps4,86,$131.25-135.42
Bluetooth gamepad keyboard voice chat input PS4 game accessories,75,$7.96
Back Key Extender Ps4 Handle Back Clip Key Custom Mapping,14,$5.39
Wireless Bluetooth Handle Mobile Phone Holder PS4 Mobile Phone Holder,32,$0.73
A60 headset PC game PS4 XBOX ONE 7.1 channel headphones,37,$13.5-15.1
Headphones Pro Gamer Headset For PS4 PlayStation 4 PC Computer,1897,$12.99
Laptop Desktop PS4 Connected To 3.5mm Interface Audio Headset Microphone Audio,9,$10.49
15.6-inch Portable Display Type-c Touch Ps4 switch External Screen,11,$92.54-119.97
Bed Home Textile PS4 Handle Three-piece Suit Europe And America,15,$9.21-13.89
PS4 PS5 Gamepad Rocker Protective Cover Handle Rocker Button Cover Silicone,23,$0.36-0.56
PS4VR Handle Charger PS4 Mini ChargerPS4 Dual Charger Somatosensory Handle Charger,57,$2.94
3.5mm Gaming Headset With Mic Headphone For PC Laptop Nintendo PS4,1352,$22
The keyboard And Mouse Converter Supports PS4 PS3 XBO XON E360 Series,21,$8.67
L2R2 Button Handle Accessories Ps4 L2 R2 L1R1 Button Handle Color Buttons,12,$1.52
PS4 Slim Pro Bracket Fan Base Handle Seat Charge Cooling Fan Disc Holder,5,$10.49-13.71
G9000 Headphones Gaming Headset with Microphone 3.5+USB Single Hole Headset for PS4,246,$7.32-13.97
Fireline Athletic Suitable For PS4 PS5 Handle Anti-slip Stick Protective Sleeve Accessories,22,$9.36-11.14
0131-0155 PS4 Pro game machine host Sticker Anti scraping geometric pattern sticker,57,$2.94
Playstation 4 Charger Kit  Dual Usb Charging Dock Station Stand For Ps4 Controller,84,$7.17
Replacement Repair Tools Kit Screwdriver For Play Station 4 PS4 For One Game Console,11,$3.02
"Ps4 Xbox-One Pc Headphones, Mobile Computer Games, Heavy Bass, Chicken Earphones 7260-488",72,$3.06
Ps5 Game Card Box Storage Rack Ps4 Game Disc Rack Xboxseriesx Game Disc Storage Rack,7,$4.23
PS4 Handle Handle Silicone Pad Handle Silicone Cover Handle Cover Glue Handle Anti-drop Cover,56,$1.32
Original brand new PS4 10xx 11xx 12xx universal model HDMI HD interface socket V2 version,70,$1.09
Controller Double Handle Wireless Chargers Dual USB Charging Dock Station Stand for Playstation 4 PS4,112,$1.95
PS4 Controller Skin Silicone Rubber Protective Grip Case for Playstation 4 Wireless Dualshock Game Controllers,245,$0.77
Camouflage Silicone Anti-Slip High Quality Protective Skin Case Green Style Joystick Case For PS4 Controller,140,$0.89
Game PS4 B-SKIN protective film vinyl stickers creative popular best-selling foreign trade factory explosion,30,$2.94
PS4 Slim game machine sticker protection film PVC material does not play air bubble belt breathable slot,53,$2.51
ONIKUMA K10 PRO Gaming Headset Stereo Gaming Headphones for PS4 PS5 Xbox One with Mic Led Light,170,$13.47
PS4 Game Console Upper And Lower Shell To Replace The PRO Shell Bracket Anti Counterfeit Four Piece Set,5,$12.1
Dual USB Charge Dock Stand USB Charging Dock Station Stand With usb charging cable ForPlaystation 4 PS4 controllers,304,$3.61
Arcade Gamepad Joystick Fighting Stick For PS4 PS3 Switch PC Plug And Play Street Fighting Feeling Rocker Game Controller,52,$24.18
Portable Battery Charger Dual Charging Dock Station HD For Playstation 4 Games PS4 Pro Slim Console Joystick Stand Controller,40,$4.51
Gaming PS4 Headset Gamer PC Stereo Gaming Headphones Wired Control with Microphone For Computer Xbox One TV Gamer Bass Casque,282,$12.78
50 PCS Internet Sticker Programming Language Html Cloud APP Stickers Gifts for Geek Hacker to DIY Laptop Car PS4 Phone Luggage,41,$0.76
SOMIC G951s Pink Girl Cat Ear Gaming Headphone 3.5mm Plug Cute Headset for PC Xbox one PS4 Phone Pad Girl Kids Gaming Headset,109,$40.77
Newst 7 Chakra Bracelet Men Black Lava Healing Balance Beads Reiki Buddha Prayer Natural Stone Yoga Bracelet For Women,1,$0.35
Printed Fabric Brand Patchwork Group Plain Cloth Cotton Small Floral Handmade DIY Cotton Cloth,1,$0.76-2.65
Breathing Light Gradient LED Fast Charging Streamer Data Cable,4,$5.43-5.62
06CM Ribbon Diy Handmade Accessories Wedding Materials,1,$1.89-1.95
Artificial Fish 24 Marine Animal Models Goldfish Shark Micro Landscape Decoration Early Education Underwater World Shipping Wholesale,7,$2.49
New Product Hanging Neck Hidden Telescopic Pole Portable Fan,6,$8.78
Plastic Tile Spacer Laying Aids U-shaped,9,$1.02-2.71
25mm Round Patch Time Gemstone Base Alloy Pendant,1,$0.15-0.90
All-in-one Airbrush Spray Tool Nail Model Coloring,6,$15.95
Transparent Protective Cover For Sawing Machine,3,$6.67
European relief flower silicone mold,1,$1.72
Embossed mold fondant cake skirt mold,6,$0.48-1.43
Outdoor indoor handshake climbing accessories,2,$1.55
Blowpipe detector wine detector,5,$0.69
6 hole treble C ocarina,2,$1.35
Sports Car Painting,7,$3.5
Silicone Folding Cup Menstrual Cup Sanitary Towel Leakage-proof Safety Cycle Female Customized Monthly Cup Aunt Artifact,12,$1.88
Collect Memorial Medals,3,$2.57
0.3ML ampoule head,6,$0.99
Transparent plastic portable bottle,6,$1.29
High-end 8-handle concave nose knife,3,$3.03
Cloud silicone mold,5,$1.12
Anti-epidemic toilet paper survivor round cloth,1,$0.55
Silicone molars nipple chain anti drop chain,6,$2.27
Switch intelligent remote control,2,$6.99-10.62
Silicone anti-drop pen case,3,$0.79
10X42 telescope head cover,3,$4.14
Notebook heightened aluminum alloy lifting frame,2,$9.69-11.41
Special wall patch for wall,3,$0.75-1.8
Household Adjustable Silicone Garbage Bag Fixing Clip,7,$0.64
Special for general push handle of chute scale,8,$8.27-10.83
CNC turning blade,1,$15.75-18.75
5-layer explosion-proof shower hose,3,$1.18-1.5
Soft Silicone Measuring Cup,14,$0.66
Hand-painted floral decorative painting,2,$1.87
Polar road car inflatable extension tube,4,$6.38-7.6
Silicone Cake Mold with Round Insert Cercle Forme,8,$0.65
Creative simple hanging screen,6,$1.65
Double-sided floor of large-grain blocks,4,$1.48
Iron plate socket clip,4,$6.41
Sports children's round creative shoelaces,7,$1.72
Art painting tool set beginner boxed,3,$3.01-5.82
CNC blade TNMG160404,5,$21.0
Electroplating photographic props for ceramic ornaments,3,$1.07
Litchi pattern machine frame leather case,2,$2.51
Heart-shaped hook lobster buckle,1,$0.18-0.32
Constellation sticker account,6,$2.89
American Standard New Energy Electric License Plate Holder,8,$37.04-38.89
PDI-HV2060MGGasoline steering gear,3,$29.07
Painting by numbers Set - holiday dreams,11,$6.26-25.94
Retrofit PC Black Mirror Center Pillar With Sequins,2,$7.50
Pirate ship rotten ship,8,$1.67
Multifunctional king cage plastic transparent bee cage,2,$2.88
LD Series Water Drop Multi-purpose Ink Pad,3,$1.86
Super Cute Triangle Combination Origami Handwork,2,$4.48
Universal Double Insert Creative Lettering Custom Zodiac Cow Baby Out,2,$2.64-2.68
Head-mounted Protective Mask With Wire Mesh Surface,9,$6.17
"Waterproof Insulation, High Temperature Resistant Flame Retardant Glue, Liquid Insulation Glue",11,$1.92
AK Waterproof Single Button Remote Control,9,$2.35
Hollow Seat Card Creative Love Table Card,7,$2.85
Nylon Wool Watercolor Brush With Palette Brush Bag,5,$3.93
KME Fixed Angle Sharpener With Flip Chuck Double Chuck,4,$56.73
Silicone Baking Oil Tinting Earmuffs Earmuffs For Hair Dyeing,5,$0.41
Water-resistant And Wear-resistant EVA Protective Cover Portable Storage Hard Bag,7,$5.27
Home Simple And Creative DIY Meatball Maker,5,$1.12-1.30
Dental Ultrasonic Scaler Accessories Plug-in Handle Woodpecker,3,$27.78
Fully Automatic Household Charging Smart Sweeper,9,$13.52
Car Antenna Base For Ford Focus,9,$1.71
Rear Axle Seesaw Modified Plastic Tie Rod Upgrade Ball Joint Tie Rod,2,$3.53
Japan Face-lift Silicone With 3D Mask To Remove Double Chin,10,$1.85
DIY Earrings S925 Pin With Support Patch,7,$1.82-2.04
Manual Air Conditioning Switch Frame Heater Switch Panel Trim Frame Black Accessories,10,$3.42
Transparent Pvc Table Mat Tablecloth Waterproof Oil Proof Anti Scalding Disposable,6,$3.40-4.92
Computer USB Cable One Point Three Lines,11,$1.26
Tin Painting Bar Clothing Store Home Furnishing Wall Decoration,6,$0.77
Inflator Household Portable Small Inflatable Electric Pump,2,$10.47
Bicycle Parking Rack Wall Ceiling Hanger Hook,10,$4.62
2pcs Convenient Glasses Card Bill Holder For Utility Vehicle,2,$0.78
Airbag Oil Bag Mobile Phone Bracket Cartoon Quicksand,5,$0.74
A8092 Oval Contact Lens Case Set,5,$0.84
Ewha Perm Curling Iron Set,11,$8.13
Neurocutaneous Stylus Plantar Foot Probe,5,$1.00-4.21
Quick Change Tool Holder American Quick Change,2,$27.78
"Convenient, Foldable Picker",10,$3.16
Summer Sunshade Sunscreen Sweet And  All-match Beach Hat,7,$6.85
European Embroidered Flower And Grass Material Bag,2,$1.52
Flat Round Mirror Mousse Cake Mold Silicone Fondant Cake Molding Tool Diy Baking Mold,7,$2.20
European And American Style Metal Mirror Tray Storage Box,5,$17.59-22.22
Manual Strap Anti-lost Earphone Storage Soft Rubber Data Cable,6,$0.19
Outdoor Barbecue Non-stick Grid Sheet,3,$0.64
Student Hand-carrying Cloth Bag Simple Canvas Bag One-shoulder Shopping Bag,4,$2.98
Green Non-woven Fabric Foldable Supermarket Shopping Cart,7,$1.75
Brown Bripping Oil Color Bicycle Seat Shape Suit Cuff Nails French Shirt men's Cufflinks,5,$2.62
Silicone Bead Pendant Mold Crystal Drop AB Glue Sphere Cube,4,$1.92-4.21
Bicycle road bike maintenance frame,4,$12.48
"Silicone Wrist Pad, Mouse Pad, Wrist Support, Office Gift",8,$6.33
DIY ring silicone mold,10,$0.51
Wipe the glass artifact,2,$1.29
I-shaped chute,15,$1.46-2.74
Grade 0000 Steel Wire Wool For Polishing Cleaning Remo,10,$3.28
Multifunctional film machine,1,$20.27
Anti-collision strip,6,$0.35-1.4
Blue Black High Quality Root Canal Gutta Percha,9,$6.67
Audio modification battery head,2,$4.54
2021 new autumn and winter knitting half finger mitts wool gloves pleated warm men's and women's arm sets,7,$1.38
Mirror ruler silicone mold,8,$0.47
Wooden mahogany handle,3,$3.37
Retro buckle motorcycle belt head,7,$4.54
Mobile phone remote control smart switch,5,$21.21
UAV headset protective case,13,$1.65
Zero scab lock color repair solution,10,$3.69
Girl Bust Candle Mold INS Style Home Decoration,9,$16.33
Chen xiang ai grass,7,$1.0-4.64
Dedicated Cup Holder Chip Table Coke Cup Holder,9,$10.00
Desktop folding portable music stand,12,$2.73
Automotive Carbon Fiber Pattern Gear Panel,4,$33.33
Special bending process,1,$0.99-1.6
Sand laser protective sheet,9,$13.73
12 hole C tone white crack ocarina,4,$4.5
Wireless human body 360 degree rotating emergency light,3,$2.54
Portable dispensing multi-compartment storage pill box,4,$3.16
Mirror Tin Foil Paper Gold Foil Paper Crystal Glue,6,$0.76-0.91
Desktop acrylic cosmetic storage box,9,$1.65
Mirror Nail Stamper Clear Silicone Head Manicure Scraper Pol,10,$4.16
Personalized mineral water ear case,11,$1.22
High Temperature Resistant Baguette Silicone Glass Fiber Mesh Bread Mold,5,$5.67
Symphony laser lettering film,1,$2.58
Octagon Pentagon Coaster Silicone Mold,8,$0.69-1.28
Heart-Shaped Watermelon Stereotyped Growth Mold,3,$9.67
SKTC tx01 mini case,1,$13.95
Shop decoration transparent plastic ball hollow,6,$0.14
One-Piece Flat-Top Acrylic Hexagon Candle Mould,6,$1.75-2.79
Large head inkjet printing paper,3,$1.37-4.72
Large capacity milk powder can,20,$2.31
Chinese quintessence cute wind mask box,2,$0.6
Bearing press tool,5,$7.17
Large letter mould set,11,$6.74
Poinsettia flower shape liquid silicone mold leaf fondant mold,8,$0.86
Pineapple Pastry Packaging Box Tote Bag Empty Box,10,$0.72-1.30
Magic Zinc Alloy Unlocking Ring Unlocking Difficult Toys,12,$1.86-1.95
Fruit biscuit embossing and cutting mold,6,$4.77
Cross-border ultra-thin LED fish tank aquarium clip light,13,$2.39-3.64
Hand Twist Gyro Special Base Display Stand K9,8,$11.52
Natural Gravel Crystal Square Tree Of Life Bookmark,8,$1.23
Creative Jewelry Rack Clothes Hanger,6,$6.72
ReliableUSB 2.0 Micro SD TF T-Flash Memory Card Reader Adapt,8,$1.21
Bear Alloy Female Summer Back Head Shark Clip Metal Grip,10,$0.71
Square Fondant Cake Cookie Cutter Tool,5,$0.54
Funny Decorative Rabbit Butt Carrot Ground Insert Decorative Ornaments,7,$3.33
Retrofit Front Turn Signal Base Gasket,9,$1.82
European And American Natural Pearl Brooches Hollowed Out With Diamonds,8,$1.36
French Vintage Quilted Bed Cover With Gentle Washing Air Conditioner,12,$39.81-43.52
Vintage Big Flower Pet Hand Curtain Adhesive Tape Sticker,12,$3.01
Toilet Toilet Can Be Cut Silk Circle Mat,5,$6.48-10.37
Stainless Steel Multifunctional Tripod Furniture Support Frame,9,$0.36
Fruit Cherry Chocolate Mold Home Baking Tool,11,$0.78-1.86
Metal Contour Gauge Multifunctional Contour Ruler,7,$2.51-9.04
DIY Cake Decoration Does Not Match Stick Silicone Baking Mold,10,$0.67
Cute Panda Rice Ball Mold,8,$1.60
Christmas Tree Silicone Aromatherapy Gypsum Pine Molding Mold,7,$0.65
Cute Shell Mermaid Princess Decoration Doll,6,$1.47
Ladies' Temperament And Elegant Slim-fit Hip Skirt,11,$17.44
Japanese chef knife handle material,4,$13.33
Concert Annual Meeting Glowing Bracelet Props,9,$1.65-42.47
Household Tap Water Powerful Flushing Car Watering Artifact,8,$7.83-22.40
Trend Student Bottoming Background Diy Hand Account Decorative Material Paper,4,$0.87
Cartoon Cat Shape Wool Felt Ins Wind Thickened Handmade Plush,2,$5.04
Our Lady Of Fatima And The Three Shepherds Sculpture Ornament Home Accessories,7,$16.30
Morandi Candlelight Breathing Lamp Stepless Dimming,7,$10.75
Dandelion Simple Baby Suit Romper Fungus Lace,8,$5.62-5.74
Home Mini Game Card Postcard Organizer,9,$1.09
Art Gallery Living Room Decorative Canvas Core Inkjet,8,$0.74-2.37
DIY Colorful Small Waist Acrylic Strap,7,$6.42
4-piece Set Of Hand-held Slot-clearance Door And Window Slide Rail Dust-proof Brush,11,$1.33
Outdoor Tableware Silicone Folding Lunch Box Portable Sealed Lunch,14,$4.87
Big Eyes Cute Small Flower Pot Flower Vase Table Top,14,$2.26-4.11
Natural Colorful Gravel Round Tree Of Life Car Hanging,4,$2.05-2.35
Home Villa Model Room Triangle Splicing Candlestick Decoration Ornaments,1,$9.68-28.09
Narrow leaf chocolate mold long leaf decoration,4,$0.76
Graphene Hot Compress Facial Care Imported Into The Beauty Instrument,9,$30.29
Household Simple Cold Kettle With Faucet,11,$1.73-2.16
Close-up Magic Props With Automatic Lifting Ball,2,$4.21
316 Stainless Steel Earrings Oval Strap Hoop Stud,3,$7.04-12.04
Silicone mold with bright surface,11,$0.97-1.85
Bronzing Polka Dot Party Cutlery Knife Fork Spoon,9,$8.85-17.71
Car Sensor Adapter Modified Connector Accessories,6,$9.31
Ins Flower Mini Three-dimensional Resin Nail Drill,7,$1.33-2.16
Three-dimensional Nail Beads 5 Petals Sequins Lace Flower,5,$0.40
Coffee Pull Shower Powder Board Set Of Six,2,$2.45
Cotton Yarn Replacement Cover For Portable Crib,11,$3.01
Women's Earrings Irregular Design Creative Niche Temperament Ins,11,$0.76
Small exhaust fan,7,$4.54
Household Car Dual-use Electric Lunch Box,5,$14.81
Viper Pendant Keychain Men's Car Accessories,8,$2.85
Easter Dwarf Event Party Heat Insulation Waterproof Strip Decorative Table Cloth,9,$1.79-3.19
Fashion Personality Repeatedly Paste Large Stickers,7,$0.64
DIY Decorative Resin Ice Cream Shape Charm,4,$6.02
Magic Lock Zinc Alloy Brain Burning Unlocking Six-piece Set Of Mechanical Toys,6,$2.65
Concrete flower pot silicone mold,3,$4.51
Waterproof Waxed Canvas Travel Spice Seasoning Bag,6,$6.44-7.22
European And American Orange Cut-out One-piece Swimsuit,20,$5.43
Household Oil And High Temperature Resistant Solid Color Tulip Cake Paper Cups,5,$0.95-1.26
Color Simulation Quail Eggs 3X2 Simulation Foam Bird Eggs 1.8X1.5 Decoration Supplies,9,$0.44-1.77
10 Rolls Of Purse Tape Stickers In A Box,9,$1.47
Large Size Cardigan Temperament Mid Skirt Solid Color High Waist Dress,4,$10.37
Plastic Rainproof Film H Transparent Thickened Edge Raincloth,3,$1.33-10.00
Convenience Rubber Park Stop Car Backstop Ramp Pad,5,$3.04
USB Rechargeable Cat Moss Lamp Animal Fungus Detection Lamp,2,$4.86
Heating Tube Plastic Welding Torch Ceramic Heating Element,6,$8.47
Simulation Frangipani Silicone 3D Fondant Cake Mold Clay,6,$1.33
European-style impression donut,6,$0.47
Earphone Holder Mobile Phone Magnetic Suction Wireless Charging Base,7,$17.03-18.82
Stainless Steel Toilet Brush With Hole,11,$1.82
Simple Portable Home Projector Light Bulb,5,$17.92-110.89
Children's Puzzle Instrument Cheer Props Stall Toys,11,$0.76
DIY Patch Stickers Computer Embroidery Printing,9,$0.30
Four - toothed T cutter,2,$2.23-9.35
Duck  Bionic Lure Bait Thunder Frog Silicone,5,$0.77
High-pressure Oiling Nozzle Lock Clamp Type High-pressure Labor-saving Oiling Grease Nozzle Gun Head Accessories,7,$4.41
Cartoon Silicone Protective Sleeve,15,$1.47
Cute Cartoon Baby Label Brooch Backpack Clothes Accessories,9,$1.01
High Grade Mirror Golden Stainless Steel Sealing Clip,8,$0.67
PU New Coffee Cup Model Slow Rebound Decompression Toy,4,$1.22
Transparent Schmuck Boxen Einfache Frische White,9,$0.33
Object Stacking Creative Sun Hat Shaped Egg White Separator,11,$0.69
Sheet Fixing Clip Non-slip Multi-function Adjustment,6,$3.23
The Sound Of Snow Hand Account Album Decoration Stickers,4,$0.68
Handle Damping Protection Portable Storage Bag,12,$2.83
Meat Grinder Accessories Mouth Sausage Funnel,9,$3.42
Gold Ball Welding And Cutting Main Cable Hydropower,9,$3.27-6.29
Art Gallery Living Room Decorative Canvas Core Inkjet,11,$0.74-3.26
European-style Modern Minimalist Antlers Metal Curtains With Pearls,8,$2.14
Sunset Red Live Background Atmosphere Sunset Light Usb,27,$1.22
Ins Decorative Curtain Rope Knot Tie With Wooden Beads,8,$2.12
Long Simple And Wipeable Waterproof And Non-slip Floor Mat,12,$9.07-27.41
Square Plastic Takeaway Packaging Box Disposable White,6,$19.71-26.88
Round Diamond Painting Color Bottled Clay,6,$0.74
Transfer To Welding Free Terminal Wiring Broadband,9,$1.78-1.97
Sterilizer Automatic Timing Steam Easy To Carry Silicone,4,$9.86
Crystal Epoxy Stud Earrings Pendant Gem Silicone Mold,8,$0.61
Crystal Epoxy Color Lipstick Storage Box Mould,11,$2.23
DIY Crystal Epoxy Ashtray Round Mould,12,$1.29
DIY Crystal Epoxy Pyramid Triangular Quadrangular Energy Tower Pyramid Silicone Mold,9,$0.63-4.79
Diy Hairpin Patch Silicone Mold Epoxy Hair Accessories,10,$1.22-1.62
Antifreeze Crystal Epoxy,5,$0.67
DIY Crystal Epoxy Handmade Ornament Polygonal Silicone Mold,7,$0.56-1.62
Natural Amethyst Epoxy Fox Shape Ornament Decoration,5,$1.11
DIY Crystal Epoxy Storage Mold Round Diamond Pattern Tray,3,$2.06-2.71
Crystal Epoxy Mold 4 Cat's Claw Silicone,7,$0.52
Photo Frame Epoxy Mould Square Round Wave,7,$3.68
European And American Cross Epoxy Keychain Mould,5,$0.74
DIY Epoxy Abrasive QR Code Swing Table Base,8,$1.85-3.47
Crystal Epoxy Three-dimensional Blessing Rabbit Cheese Cat Variety,4,$0.80
DIY Jewelry Love Necklace Bracelet Ring Epoxy Mould,6,$0.77
DIY Ocean Series Creative Crystal Epoxy Silicone Mould,7,$1.88
Full Mirror Epoxy Mould Ocean Wind Series,13,$0.77
Function Portable Keychain Mini Tool Folding Knife,10,$5.07
For  S4 Headset S8 S10 IG955 In-ear Mobile Phone,7,$0.87
Crystal Epoxy Jewelry Storage Box Mould,8,$1.96
DIY Epoxy Flower English Word Crystal Epoxy Mould Silicone Pad,10,$0.80
Crystal Epoxy Cosmetic Tray Irregular Agate Mirror Silicone Mold,3,$2.31
DIY Dried Flower Crystal Epoxy Flower Pot Pen Insert Concrete Gypsum Storage Mould,10,$1.49
Santa Snowman DIY Crystal Epoxy Silicone Mould,4,$0.64-2.75
DIY Epoxy Mould Pendant Handmade Silicone Jewelry Mould,12,$1.39-2.26
Crystal Epoxy Special-shaped Fruit Plate Storage Tray Mould,3,$1.84-2.55
Crystal Epoxy Mould European Coaster Display Stand,5,$0.89-1.84
Crystal Epoxy Inspirational English Brand Pendant Bracelet Silicone Mold,12,$0.77
Crystal Epoxy Plaster Ornament Shaped Irregular Ashtray Silicone Mold,11,$2.84
Time Gem Bottom Bracket Base Photo Pendant Epoxy Abrasive Set,11,$2.99
Girl With Sunglasses Heat Transfer Pattern Offset Printing Ironing Sticker,12,$0.43-0.67
Printing And Sticking Offset Powder Heat Transfer Stickers,10,$0.29-0.75
Crystal Epoxy Mould DIY Handmade Round Flat Plate,10,$2.35
New Crystal Epoxy DIY Mould Ornament Round Lace,4,$7.50
DIY Epoxy Mold Type 8 Coaster Storage Box Pen Holder Mold Silicone Set,6,$5.13
Shell Pearl Ocean Theme Fondant Silicone Epoxy Mold Color Optional Egg,7,$0.72
Crystal Epoxy Pentagram Moon Love Kitten Mould,8,$0.44-1.52
Computer Android Phone Dual-use Type-C Multi-function One OTG Card Reader,6,$1.52-4.49
Candy Storage Box Silicone Mold Crystal Epoxy Handmade DIY Jewelry Material Package,13,$1.66
DIY Crystal Epoxy Pendant Keychain Mold Silicone Mold,12,$1.07
Crystal Epoxy Pendant Silicone Mold Snowflake Christmas Decoration,10,$0.56
Crystal Drop Glue DIY Epoxy Mirror Silicone Mold,6,$2.22
Creative Fire Paint Wax Seal Set Hand Account,5,$3.10-5.39
Children's Swimming Pool Water Circulation Can Be Replaced By Flat Pressure,7,$12.04
Christmas Holiday Printed Silicone Butterfly Buckle Watch Strap,8,$1.99
Soft Cloud Cat Drawing Paper Box Pillow,9,$30.74
One Piece Female Long Hair Seamless Invisible Wig,4,$4.92-6.91
"Electric Bump Maze, Fire Line Impact Children's Toys",6,$1.05-1.10
Home Fashion Metal Masquerade Colorful Pens,8,$2.93-3.35
Suitable For SUV Car Sundries Storage Belt,10,$0.41-1.20
Swimming Pool Water Pad Tent Waterproof Supplementary Gas Swimming Ring Special Glue Repair,5,$0.77-1.73
One-piece High-precision Self-tightening Drill Chuck,10,$19.07-36.67
Fever Silver Plated Braided Twist Headphone Upgrade Cable,3,$12.78
Cordless Vacuum Cleaner Accessories Rear Filter,11,$3.93
Plant Flower Soft Gel Silicone  Pen Fountain,7,$0.10
Black Metal Teeth Upgrade Accessories Steering Gear,7,$5.56
22mm Solid Color Silicone Strap,2,$1.39
Waterproof Simple Color Butterfly Graffiti Sticker,10,$0.94
Suitable For GalaxyBuds Anti Fall Headphone Case Marble Pattern,5,$1.77
Three-Dimensional Plastic Mold With Pattern Dinosaur Egg,6,$1.02-2.10
Spoon Soup Silicone Chocolate Mold Ice Tray,11,$0.65
3D Rose Flower Ice Cube Fondant Silicone Mold Aroma Diffuser Mold,14,$1.67
Absorbent Sponge Brush Creative Graffiti Early Childhood Education,3,$0.24
Ins Ceramic Flower Pot Cartoon Ornament Creative Personality Animal,3,$3.19
XPG Red White Green Light And Strong Light USB Charging Power,9,$9.82-10.84
Bamboo And Wood Bow Tie Men's Casual Clothing Collar Flower,8,$1.22
Alloy Headset Display Stand Detachable,10,$1.96
High Borosilicate Glass Cloud Coffee Pot Filter Cup,11,$1.65-4.58
Silicone Cake Mold 6-piece Beetle Rabbit Butterfly Decoration,12,$1.13
7-8mm Fluorescent Tracking Luminous Egg Clip,4,$2.16-3.99
Multi Specification Cultural Game Craft Gourd Base,9,$0.09-0.43
New Smart Charger Seat Data Cable,6,$5.16
5PCS Car Transparent Handle Protection Film,4,$0.44
Electric grinder accessories three-jaw copper chuck nut,2,$1.19
New Lens Film Rear Camera Protection,4,$3.38-7.35
Long Battery Life Night Fishing Hat Clip Bait Light,8,$5.62
Silicone Anti-reflective SLR Camera Lens Cover,13,$3.08-4.27
Hinge alloy plastic gypsum board wood hole extractor,3,$0.91-4.08
Swing Hitting Pad Family Indoor Hitting Pad Swing Training Exerciser,8,$3.87-5.27
Simple Five Beads Strap With Double Row Diamonds,10,$4.44
Riverside Cottage Scenery Cross  Living Room,7,$7.33-12.22
Face Mill Shank R8-FMB22 Inch Thread 7 16-20 With 400r 50mm APMT1604 Cutter Head,8,$7.04-42.59
Air Cushion Comb Prussian Massage Wide Tooth Two-piece Gift Box,9,$6.27-8.06
Instantaneous Constant Temperature Electric Water Heater Intelligent Touch Operation,8,$38.68
Family Member Souvenirs Sculpture Ornaments Resin Crafts,4,$1.33-1.52
European And American Plain Printing Garment Printing And Dyeing Wax Cloth,10,$7.89-47.33
"Ceramic Chinese Painting Supplies, Calligraphy And Painting Supplies, Grid Square 6-inch Palette",7,$2.48
Home Fashion Personality Multicolor Plastic Wash Basin,9,$1.49-2.71
Supermarket Shelves Double Line Hook Groove Plate,7,$0.56-1.24
Envelope Letter Writing Flannel Lamb Wool Blanket,6,$4.35
The decorative tentacles on the helmet are cute,10,$2.24-3.81
Creative Stainless Steel Marble Living Room Decoration Storage Basket,13,$34.81-66.85
New Translucent Embroidered Window Screen White European Style,10,$24.37
Women's Printed 3D Waterproof Storage Bag,8,$2.98
DIY homemade popsicle ice,97,$3.36
The Yoga Mat Storage Shelf Is Perforation-free For Household Use,9,$5.06-8.52
3DR Pixhawk Flight Control Digital Radio Module,12,$66.67-73.15
Frequency Reading Tester RF Table Module Measurement,4,$11.11
Desktop Chassis Power Adapter Board Module,9,$1.73
Epoxy Fish Rod Gluing Machine Repair Lure Rod,10,$21.41
New Matte Color Glaze Hand Color Ceramic Succulent Small Flower Pot,8,$1.90
Camera Universal Pan Tilt Quick Release Plate Holder,11,$1.41-2.35
Camera Expansion Accessories Quick Release Cold Shoe Screw Stabilizer,7,$6.99-71.51
Electric Horsehair Shears Are Safe Practical And Easy To Operate,9,$48.15
Creative Personality Glass Ball Clothing Store Bar Bedroom Single Head Chandelier,18,$8.89-12.59
Candy-color Lazy Flowerpot Visual Water Level Suction Basin,4,$0.48-3.37
Home Hanging Skull Tapestry Wall Covering Bedside,12,$2.14-8.13
Creative DIY Handmade Assembled Metal Model Cottage,8,$27.32-80.51
Clear Set-top Box 2G16G2T2R Dual Antenna Android Network Player,9,$66.85
Waterproof Transparent 100 Sheets Sticker Set,10,$1.29-15.91
PC kettle with dust cover,9,$0.59
Suitable For 16-pin Android Navigation Host Power Cord,12,$2.65
Festival Party Supplies Photo Decorative Fabric Couplet Banner,9,$2.22
Fashion Cartoon Animal Pet Toy Resistant To Bite,9,$3.34
Network Cable Super Category 6 Seven 100 Meters Gigabit Home Broadband Outdoor,6,$9.82-25.32
Magnet can cut soft magnetic sheet,3,$3.61
Creative Cute and Cute Cheese Cat Ceramic Flower Pot,4,$0.79
Niche Design Simple Clavicle Chain Temperament Light Luxury Necklace,5,$14.63
Comfortable Elite Head Wear VR All-in-One Headband Adaptation,14,$13.44-33.15
Mirror Resin Silicone Mould Moon Pendant,8,$2.25-2.51
Retro Personality Wrought Iron Wall Lamp Bedroom Bedside,6,$4.94-6.38
The Custom Core Painting Nordic Hd  Frameless,5,$0.77-3.37
Heart shaped silicone mold,7,$2.74
Symphony Laser Fish Scale Silver Small Sequin Fabric,6,$9.26
Living Room Decorative Painting Cross Border Canvas Core,2,$0.74-2.37
Wrought Iron Wind Lantern Led Festival Decoration Crafts Trapezoid,12,$6.45-7.35
Thigh Ring Sling Girls Japanese Net Red Super Popular Legs With Thigh Rings,10,$2.35-5.24
Pastoral Sunflower Wood Fan Sandalwood Wedding,7,$0.64
Horizontal triangle ruler,14,$4.14
New cartoon spoon,4,$1.38
Wind Chimes Double-sided Diamond Acrylic Kit,5,$5.24-9.63
Retro Hollow Creative Festival Sign Ruler,3,$0.43-1.03
Outdoor LED With Magnet Maintenance Emergency Light,3,$1.62
Raw Stone Polished And Carved Crystal Flower Decorative Crafts,16,$10.20
Natural Crystal Water Grass Agate Leaves Hand Carved Gemstones,9,$3.37
Clean Washing Machine For Brush Production,7,$1.76
Solar Garden Lamp Iron Rooster Shape Landscape Light Outdoor Decorative Lamp,28,$5.33
Pen Case Contrasting Color Premium Silicone Protective Case,6,$0.78
Small Roller Mini Rolling Brush Tool,3,$3.11
Indoor Team Building Game Props Equipment,8,$0.78-21.68
New Car Hook Multi-functional Sticky Storage,3,$1.25
Egg Ball Candle Aromatherapy Silicone Mold Drop Rubber Grinder,11,$8.60
Gift Atmosphere Creative Bedroom Night Light 3D Light Touch,9,$3.25-4.10
Neck Cooler Belt Summer Cycling Running Natural Cooling Gear,10,$3.28
Two Tone Silicone Strap With Goose Egg Buckle,6,$2.83
Children's Science Toy Set,16,$7.94
SNES Super Free Female 7-Pin Black 180° Straight Foot,2,$57.38
Cutting die and stamp,8,$0.51-1.41
Hardened and compressive large opening rectangle,4,$0.29-0.4
Bicycle Straight Handle Gloves Mountain Handlebar Cover,11,$2.1
Dancing Game Elastic Handle Bracelet Wristband,4,$3.21
Adjustable shoe bracket shelf,6,$1.11-11.1
Knot Mountain Patrol Nylon Cloth Mini Canopy,2,$27.12
Rose Gold Hot Stamping Retirement Shoulder Strap,3,$0.36-0.45
Glass hole drill bit to take hole marble vitrified tile,2,$2.46
Desktop Mobile Phone Clip Universal Bedroom Bedside Bracket,8,$28.06
LED Fog Lamp And Protection Guard And Wiring Harness,2,$37.43
SDK08 Test Chip Pin Clip Pin 0.3MM Pitch 24V Patch,7,$6.16-8.21
Interval running light TR surrounds bumper lights,5,$25.11
Aluminum Ring Waterproof Handbag Shopping Bag,5,$3.93
Bearing round bottom knife,1,$1.93
New Home Rectangular Digital Printing Beach Towel,6,$1.76-2.16
Mousse Ring Stainless Steel Cake Mold With Push Plate,9,$0.56-0.74
Quiet Noise Reduction Quick Release Blade Imperial,5,$3.83
Slowly Descending Stagnation Protects Prussian Knotted Rope,10,$3.01
Dinner Bag Stiletto High Heels Bag Suit Plus Size,6,$38.59
Detachable Adult Ladies Massage Magnet,9,$6.23-7.45
Net Celebrity Hand Crank Cup Holder,9,$1.26-1.42
Power Plug 15A American Standard Wiring Plug Taiwan United States Canada Assembly Wiring Plug,9,$2.27-2.69
Child protective mask,4,$1.41-2.0
New Design Liner Bag Brown Bear Tablet Bag,4,$3.86-4.60
Cut off pliers,1,$1.81
Multifunctional Manual Universal Reversing Screwdriver,3,$5.73-7.48
Golf Rugby Tennis Usb,13,$3.11-11.17
Liquid Silicone Single Bottom Shell,3,$9.07-15.55
Pressurized water stop double-sided sprinkler,7,$1.25
Pockets Of Sundries Sorting Bag Wall-mounted Storage,11,$4.27-6.11
Mini Three-dimensional Hand Hook Strawberry Decorative Flower,8,$0.21
Woodworking Square Cutting Tool Hole Opener Square Slot Milling Tool,4,$2.91-5.82
Decorative Soft Patch Plastic Flat Patch,2,$0.17
Home Simple Diatom Mud Cushion Strong Water Absorption,9,$2.27-4.82
Anatomy Teaching Model Of Human Coronavirus Magnified Structure,6,$14.17
Soft Diatom Mud Door Mat Non-slip,5,$5.61-9.65
Christmas Gift Santa Moai Tissue Box Creative,15,$8.64
Household Stainless Steel Anti-scald Clamp Plate Grabber,7,$0.61-1.8
Seal Bag Clip,12,$1.6
Cactus Cat Climbing Frame Sharpening Paw Artifact,12,$7.45
Creative Transparent Window Tote Bag Birthday Gift,12,$0.36-0.99
Shar Pei Small Milk Dog Cake Mold,1,$2.09
Folding Chess Magnetic Shogi Magnet,7,$2.54
Ins Nordic Style High-End Custom Wooden Bead Double Gray Log Shelf Children'S Room Model Room Soft Wall Decoration,6,$3.03
Portable vacuum nozzle suction head,4,$5.42
French Strap Straw Lampshade Hat,11,$5.66
5D DIY Diamante Pintura Crystal Lily Flor Cruz Puntada Costura Diamante Mosaico Diamante Bordado,6,$2.48-10.28
Plus Hydraulic Film Full-screen Edging Frosted Surface,2,$1.14
4 Small Person Silicone Insert Mold,6,$0.75
Who I Am Fun Matching Puzzle 0.27 Early Childhood Education Cognitive Animal Traffic Matching Toys,8,$1.46
Metal Fine Tooth Triangle Woodworking Diamond File,5,$2.64
Artificial Foam Rose DIY Bridal Flower,15,$1.52-2.08
Household Leather Waterproof Placemat Hotel Restaurant,6,$1.38
Bull Head Belt Buckle With Classic Pattern Bottom Cover,11,$1.51-1.82
Furniture Cabinet Hydraulic Support Rod Pneumatic Rod,7,$1.49
Explosive Crystal Zipper Bra Washing Bag,4,$1.83
Rechargeable Infrared Induction Foam Washing Phone,3,$5.61
New Woven Art Pattern Data Cable USB,8,$4.85
Wooden Clip DIY Combination Set Creative Handicraft For Kindergarten,10,$0.52-0.85
Fashionable Practical And Convenient Plastic Metal Powerful Evaporator,3,$86.72
Luminous visual ear spoon,4,$13.04-36.55
Protective mask against industrial dust,3,$8.1
Nordic potted lovely personality creative flowerpot set,4,$2.45-5.81
Retro Baroque Angel Cupid patch Brooch,2,$0.28
Dust removal brush windproof dustpan set combination,1,$2.32
Small Card Decoration Ins Star Chasing Mark Hand Account Material Stickers,10,$0.78-1.4
Transparent Anti-fog Disposable Chef Mask,2,$0.11
Aluminum Alloy Octopus Lazy Mobile Phone Drama Bracket,9,$3.98
The Latest Metal And Iron Eagle Pendant,12,$3.63-3.83
Coffee shop creative bronze lamp holder lounge bar chandelier,13,$7.54-7.94
Condenser microphone shock absorber,3,$13.77
Kindergarten Handmade Diy Non-woven Material Package,8,$2.29-11.18
Mirror night light USB charging hand warmer,9,$2.58
Diamond Square Diamond Complete 5D DIY Painting Lovers Angel 3D Mosaic  Painting Cross Stitch Embroidery Rhinestone decoration for Home,9,$1.50-14.59
Gradient Color Quilling Paper Painting Material Set,2,$0.23-1.19
Creative Laptop Bracket Fan Radiator Storage Portable Folding Heightening Bracket Pad,2,$8.06
Children's Printed Animal Print Headgear Accessories,6,$0.21-1.26
Crystal Epoxy Mould DIY Handmade Round Flat Bottom Plate,9,$2.4
Two-piece buckwheat shell sports cushion,2,$8.08
Small  Cream Texture Simple Cross-border Bracelet Female Ring,4,$2.29
Handheld Mini Wireless USB Charging Portable Desktop Vacuum Cleaner,7,$2.2-4.25
Dual purpose aluminum alloy ceramic clay platform,2,$5.54
Food Grade Letter Biscuit Cake Biscuit Stamp Mold Set Letter Cake Stamp,3,$1.79
Separation Removable And Quick Release,4,$0.44-1.31
Artificial Wool Self-adhesive Wool-like Polishing Disc,8,$1.22
Colorful Iris Pull Flower Snowflake Hexagonal Star Party Decoration Christmas Pine Birthday Background Layout,8,$0.54-1.55
Outdoor Camping Light Pole Non-slip Mini Hook,10,$0.88-1.08
Metal Paddle Car Aromatherapy Air Conditioning Outlet,8,$2.62-4.68
Storage Double-layer PU Jewelry Box,8,$38.59
Porous Hand Stitched PU Leather Handbag Strap,7,$0.66
Magic Turban Men's And Women's Ice Scarf Bib,2,$0.6-0.67
Cartoon animal cute brooch,3,$1.46
Extension Button Side Connection Board On The Back,11,$19.13
Candy color transparent large capacity pencil case,6,$2.51-2.95
Creative Crescent LED Small Desk Simple Bedroom Bedside,6,$1.63
Fish Tank Background Sticker Painting Hd Picture,3,$2.12-2.77
Desktop Simple Style Basic Desk Calendar,5,$0.74-1.32
The Diamond Picture Of  Wolf And Girl,6,$1.56-7.50
Fuwa plastic mold for agricultural fruit,4,$0.98
Factory Wholesale Applicable Elbow Charging Line Number,1,$2.56
Flower Head Baking Listing Blank Tag,12,$0.45
Creative Hollow Double Ear Egg Steamer High Temperature Resistant Silicone Insulation Pad,5,$1.93-2.58
Aluminum Alloy Large Capacity Cigarette Case Is Moisture Proof And Anti Extrusion,8,$1.08
Jelly Butterfly Catch Clip Elegant Fairy Temperament Cute Back Head Hair,2,$0.29
Creative Round Simple Portable Wine Corkscrew,11,$0.29
6 hole zodiac dragon series ocarina,8,$2.57
Fashionable Ins Wind Ceramic Ashtray With Cover To Prevent Fly Ash,12,$2.63-5.55
Personalized Cute Little Yellow Duck Action To Block Scratches Sticker,9,$1.64-1.93
Net Red Pure Color Ballet Armor 100 Pieces PP Box,5,$0.81
Creativity Can Be Repeatedly Pasted Reflective Waterproof Body Paste,5,$1.33-2.56
Mask Anti-strangle Ear Artifact Adjustable Hook Buckle,5,$1.74-18.27
Takeaway milk tea drink cup holder,4,$0.46-0.85
7-inch round cake mold silica gel,8,$7.03
Stainless steel pendant,7,$0.57-0.77
210 DIY Origami Lucky Stars Wishing Paper,9,$0.52
Bat  Moon And Stars Hanging Outdoor Pendant,5,$3.6
Ouka Mental Projection Subconscious Partner Card,8,$4.44-5.31
Buck Ball Magnetic Rod Combination Strong Magnet,3,$3.49-19.66
Full mirror surface glue mold,7,$0.47-0.9
Creative Generation Monochrome Removable Cartoon Black Cat  Sticker,8,$0.17
Lipstick PE plastic hose,10,$0.24-0.3
NTE430W Ear Nose Throat Endoscope,12,$32.82
Eagle Brooch Color Zircon Imitation Shell Pearl Brooch Accessories,10,$5.39
Hong Kong Love New Product Bee Festival Garland Pendant,9,$5.25-8.75
Yipinge Custom Decorative Painting Canvas Core Framed Unframed Painting,8,$0.58-2.22
Pattern Printing With Silicone Water Transfer Process,7,$1.93
Portable Outdoor 10L Folding Bucket With Large Capacity,8,$1.08
European Style Hotel Dim Sum Display Stand,8,$5.05-13.68
Loose-leaf Replacement Inner Core Hand Account Notebook,6,$0.36
6 Small Semicircle Chocolate Silicone Cake Mold,2,$0.68
Steering Double Flashing Light Turn Signal Assembly,10,$5.49
Metal Wrought Iron Jewelry Stand Earrings Bracelet Necklace,7,$5.61-6.48
Chromosome change model during division,1,$4.95
SquareRound Diamond 5D Diamond Painting Football Landscape Embroidery Cross,7,$1.33-11.92
Anti-static professional hairdressing comb,1,$4.1
Riding The Wind And Breaking The Waves Fire Painted Envelope With Decoration,9,$3.4
Breathable And Shock-absorbing Corrective Heel Cushion,7,$0.51
"Colorful Mask Rope For Glasses Chain Rope Is Not Easy To Fade, Anti-lost",4,$0.74
European And American New Wooden Animal Wine Rack,7,$4.29-4.8
Diamond Mosaic Full Display Animals New Diamond Painting,7,$1.33-14.04
Decorative Painting Frameless Painting Core Living Room Porch Hanging Painting Mural,11,$1.56-19.81
Women's Soft Plant Pattern Printed Scarf Square,3,$0.9-1.53
Simple color triangle plastic ticket holder,8,$2.84
Multifunctional Three-in-one Glass Wiper,4,$1.66
35-piece woodworking cutter set,2,$24.15-44.3
Toughened glass lens ring,8,$3.11
Handle Reversible Door and Window Tenon Cutter Woodworking Cutter,2,$4.82
Natural hand woven flower basket,12,$5.43-10.66
1.5m European Standard 8 Suffix Power Cord Printer,5,$0.25
Tile positioner leveler,5,$2.4
Personalized Creative Embroidery Badge Cloth Stickers,1,$0.59
Smog electric mask,2,$0.68-9.89
Colorful Car Pendant Interior Rearview Mirror Decoration,8,$1.16-1.2
Creative joint beverage bottle cap earphone shell,9,$1.64
Daily Practical Nail Clippers Earwax Tools  Set Pu Texture Folding Bag,8,$1.59
Large size printing high waist personality stretch fabric wild bag hip skirt skirt step skirt,8,$4.42-5.93
The Battery Converter Adapter Tool Uses An Adapter,9,$9.36
No. 6 Seat Charger For Switch EMU JoyCon Left And Right Handle PRO Gamepad Charger,3,$8.0-8.24
Quick Change Keyless Drill Bit Conversion Tool,11,$1.54
Folding single-layer refrigerator shelf,1,$4.01
Suitable Dor  Notebook Computer Charging Aluminum Alloy Bottom Silent Touch Bluetooth Wireless Mouse,12,$13.08
DIY Production Material Pearl Mud Round Clay Painting,10,$6.82
A two-page Weekly Calendar Version Portable Handbook,3,$2.54
Artificial Foam Flower DIY Bear Accessories Rose Flower,8,$1.0-4.0
Ladies Square Hollow Nail Art Sticker Set,8,$0.76
Simple Round Bracelet Ring 304 Environmental Protection Material,9,$0.54
Faux Silk CCassic Orange Big Square Scarf,7,$1.26
Fly-leaf Classification A4-30 Hole Loose-leaf Classification Paper,7,$0.63-0.99
Portable Black And White Two-color Muscle Relaxation Massager,10,$40.31
Solid Wood Handmade Bottle Opener Refrigerator Sticker Walnut Beer Bottle,2,$8.52
5 zoll Westlichen Aluminium Barrel Racing Steigbügel Mit Schwarz Gummi Pad Pferd Produkte F1011,5,$41.09
Eyebrow shaping knife folding artifact set,4,$0.79-1.79
Color World Map Full Diamond Painting,5,$4.37-13.33
Protected from light,3,$0.5-2.06
10mm Collar Elastic Shirt Elastic Eco Friendly Alloy Spring Jeans Buckle,5,$0.99-1.14
Inner And Outer Titanium Light Earphone Storage Box,2,$8.33-31.06
New Retro Alloy Flower Pearl Corsage Clothing Accessories Brooch,3,$0.95-1.03
One-to-two Channel Extension Cable With Switch Y Line,3,$1.82
Pet Dog Print Linen Sofa Cushion Peach Skin Pillowcase,5,$0.99-1.02
European antique drawer handle,3,$0.93-1.53
Explosive Cute Duck Shovel Shovel Jinsi Art Decoration Ornaments,9,$4.63-4.88
Cartoon Nail Scissors Newborn Nail Clippers Supplies Children Nail Scissors,21,$2.1
Shell White Watercolor Pen Set,10,$2.94
Micron Filter Acupuncture  Replaceable Pp Cotton Filter Element,4,$0.35
Multifunctional Double-Head Spiral Ear Pick Cleaner,5,$0.27
CNC blade VNMG160404,4,$23.59
Rose Tree Theme Diamond Painting Full 5D Embroidery Landscape Moon Mosaic,1,$1.48-9.27
"Compatible with Apple, Amplifier shock-proof foot nail tripod Audio CD player",4,$1.49
360pcs Stainless Steel Watch Band Opener Spring Bar C,5,$6.28
Children's Swing Round Bar Plastic Triangle Ring,6,$9.85
Multicolor Pineapple Cartoon Wall Sticker,8,$0.48
Cyclists Bicycle Disc Brake Lock Safety Anti-theft Electric Battery Car Motorcycle Disc Lock Bicycle Riding Equipment,10,$1.97
Malen nach Zahlen - Dein EIGENES BILD - Custom Creator,9,$6.6-33.8
Creative Cartoon Cat's Claw Hollow Dessert Gift Spoon,2,$0.56
Simple And Environmentally Friendly Cute Desktop Children's Cartoon Storage Basket,3,$2.27
Wild Insect Animal Simulation Spider Model Toy,5,$0.99-1.37
304 stainless steel food clip,1,$1.01
"Sky Blue Wave Decoration Pendant, Wear Beautiful Pendant Sky Blue",9,$2.36-4.39
Soft shell all-inclusive simple leather case,6,$17.99
"New Moisturizing, Brightening And Hydrating Liquid",10,$1.02
Cute little tin box tape sticker,6,$1.14
Diamond Embroidery European Oil Painting Animal Dog Party Diamond Painting,5,$9.21-13.46
Single folding sofa for lunch break,9,$5.74
Baby antipyretic and cool paste,12,$1.55-6.39
HUACAN Diamant Stickerei Katze Voll Platz Kreuz Stich Neue Ankunft Diamant Malerei Tier Bild Strass Mosaik Wohnkultur,4,$1.73-9.31
Claw Button Woolen Cloth Resin Buckle,8,$0.13
Crystal Epoxy Mirror Tray Silicone Mold,10,$1.24-1.69
Seven Star Ladybug alloy mobile phone pendant,3,$1.14
Solid wood toy decoration,9,$1.41
New Fruit Shape Student Office Hand Warmer Pillow,5,$1.89
Cosmetic Storage Living Room And Bedroom Decoration,12,$1.48-4.59
3mm Steel Stamp Steel Die Metal Stamping Kit,5,$1.74-11.49
Animal world pet panda colorful color changing creative alarm clock,7,$1.82
For Huawei Notebook TPU Keyboard Membrane,7,$0.15-0.83
Kiln Change Sand Gold Glaze Household Ceramic Kung Fu Tea Set,5,$6.38
Law fight keychain,3,$17.6
13.56MHZ rewritable IC card,4,$0.2
Wild turtle corsage,2,$0.74
Simple Skeleton Metal Decorative Car Sticker,10,$0.63-1.22
PVC self-adhesive 3D sticker,3,$5.1-6.66
"Boxed Stickers, Misty Forest Creative And Hand Account Decoration Sealing Stickers 45",5,$0.38
Aluminum Alloy Fixed Mounting Bracket Is Durable,11,$4.49
Neoprene Tablet Computer Liner Bag Protective Cover,11,$0.88
Diamond Painting Round Square Rhinestone Picture,9,$1.54-7.9
Nightclub Show Sexy Mesh See-through Hollow Slim Skirt Suit,4,$6.57
Noodle bowl salad bowl water cup,6,$3.07-3.3
Household Warm Blanket Heat Pad Multi-function,3,$6.18
Classic Cute Red And Black Mini Gamepad Keychain,3,$0.45
"Compatible with Apple, Support frame folding and rotating butterfly tripod",6,$4.88-14.65
Wireless charger multi-function,9,$19.13
Sequined Five-pointed Star Cloth Patch All-match Clothes Jacket Patch,10,$4.59-5.31
Pneumatic suction cup pull hammer,2,$9.34
Split Twist Waist Plate For Home Fitness,2,$5.48
Black And White Butterfly Painting Oil Bag Hook,1,$0.94
Baby Can Re-use The Food Supplement Bag For Self-made Puree Sucking Music,10,$2.27-2.79
Electroplating Workmanship Fine Twin Tower Model,8,$2.91-3.37
Multifunctional magnifying glass,11,$4.59
Resin fat angel ornament,8,$4.01-9.21
Solid Color Knitted Padded Sofa Cover Single And Double Three Persons,11,$3.93-8.98
Small Semicircle Silicone Pudding Cake Mold,3,$0.52-0.54
Tiger Diamond Embroidery Cross Stitch Cartoon Round Full Diamond Mosaic Set,4,$1.46-5.63
Rubber Solid Wood Cross Black Walnut,3,$2.6
Mountain Road Bike Horn  Children's Car Cartoon Bell,9,$0.8
Tearable roller felt roller brush sticking and dipping artifact,3,$1.87-9.75
Link buckle hanging chain iron lock buckle activity buckle,9,$0.29-0.46
Aluminum alloy lighting high-intensity pen lamp,8,$1.17
Adjustable Temperature Soldering Brush Set 82pcs Engraving,5,$9.85-12.53
Large Capacity Multi-layer leather Casement Storage Box,7,$12.47
Waterproof and moisture-proof pad paper,3,$1.38-1.85
Summer Creative Office Sedentary Memory Foam Thicken Beautiful Buttocks,9,$8.06-8.35
Anion desktop purifier,6,$18.65
